<?xml version="1.0" encoding="utf-8"?>
<extension version="2.5" type="template" client="site">
	<name>mytmp</name>
	<creationDate>03-11-2012</creationDate>
	<author>kronosua</author>
	<authorEmail>joomla@xkronosua.mail.ua</authorEmail>
	<authorUrl>http://localhost</authorUrl>
	<copyright>Copyright (C) 2012</copyright>
	<license>GNU General Public License</license>
	<version>1.0.0</version>
	<description>TPL_MYTMP</description>

	<files>
		<folder>css</folder>
		<folder>html</folder>
		<folder>images</folder>
		<filename>index.php</filename>
		<filename>favicon.ico</filename>
		<filename>template_thumbnail.png</filename>
		<filename>template_preview.png</filename>
		<filename>templateDetails.xml</filename>
	</files>

	<positions>
		<position>header</position>
		<position>search</position>
		<position>popular</position>
		<position>menu</position>
		<position>footer</position>
	</positions>
	<languages folder="language">
		<language tag="en-GB">en-GB/en-GB.tpl_template_name.ini</language>
	</languages>
</extension>
